date,sleeve,event,detail
2020-01-15,S,rebalance,"20종목, 회전 112%, 교체 11: 002290 삼일기업공사, 005320 온타이드, 007770 한일화학, 010420 한솔PNS, 016920 카스, 017000 신원종합개발, 039240 경남스틸, 045300 성우테크론, 046310 백금T&A, 050960 수산아이앤티, 053160 프리엠스, 075970 동국알앤에스, 085670 뉴프렉스, 119500 포메탈, 173130 오파스넷, 181340 이즈미디어, 208350 지란지교시큐리티, 219130 타이거일렉, 263020 디케이앤디, 269620 시스웍"
2020-01-31,DAA,alloc,GLD(132030) 8%; LQD(136340) 58%; QQQ(133690) 8%; SPY(143850) 8%; TLT(148070) 8%; VNQ(182480) 8%
2020-02-28,DAA,alloc,GLD(132030) 8%; HYG(136340) 8%; IEF(148070) 50%; LQD(136340) 8%; QQQ(133690) 8%; TLT(148070) 8%; VNQ(182480) 8%
2020-03-12,LETF,out,133690 종가 40263
2020-03-31,DAA,alloc,EWJ(241180) 8%; GLD(132030) 8%; HYG(136340) 8%; IEF(148070) 50%; LQD(136340) 8%; QQQ(133690) 8%; TLT(148070) 8%
2020-04-07,LETF,in,133690 종가 43152
2020-04-16,S,rebalance,"20종목, 회전 147%, 교체 14: 002290 삼일기업공사, 007530 와이엠, 008470 부스타, 009180 한솔로지스틱스, 010420 한솔PNS, 010640 진양폴리, 015020 이스타코, 017000 신원종합개발, 037400 우리엔터프라이즈, 038010 제일테크노스, 039240 경남스틸, 039310 세중, 046310 백금T&A, 050960 수산아이앤티, 054040 한국컴퓨터, 063760 이엘피, 098660 에스티오, 126640 화신정공, 225590 패션플랫폼, 237750 피앤씨테크"
2020-04-29,DAA,alloc,GLD(132030) 8%; IWM(143850) 8%; LQD(136340) 58%; QQQ(133690) 8%; SPY(143850) 8%; TLT(148070) 8%
2020-05-29,DAA,alloc,EWJ(241180) 8%; GLD(132030) 8%; HYG(136340) 8%; IEF(148070) 50%; IWM(143850) 8%; QQQ(133690) 8%; SPY(143850) 8%
2020-06-30,DAA,alloc,GLD(132030) 17%; LQD(136340) 17%; QQQ(133690) 17%; TLT(148070) 17%; VGK(195930) 17%; VWO(069500) 17%
2020-07-15,S,rebalance,"20종목, 회전 119%, 교체 11: 002290 삼일기업공사, 005820 원림, 007530 와이엠, 008470 부스타, 010420 한솔PNS, 010640 진양폴리, 016920 카스, 021650 한국큐빅, 024840 KBI메탈, 030720 동원수산, 037400 우리엔터프라이즈, 039240 경남스틸, 045300 성우테크론, 053050 지에스이, 053270 구영테크, 054040 한국컴퓨터, 072950 빛샘전자, 075130 플랜티넷, 153490 우리이앤엘하루틴, 237750 피앤씨테크"
2020-07-31,DAA,alloc,GLD(132030) 17%; QQQ(133690) 17%; SPY(143850) 17%; TLT(148070) 17%; VGK(195930) 17%; VWO(069500) 17%
2020-08-31,DAA,alloc,GLD(132030) 17%; IWM(143850) 17%; QQQ(133690) 17%; SPY(143850) 17%; VGK(195930) 17%; VWO(069500) 17%
2020-09-29,DAA,alloc,EWJ(241180) 17%; IWM(143850) 17%; QQQ(133690) 17%; SPY(143850) 17%; TLT(148070) 17%; VWO(069500) 17%
2020-10-15,S,rebalance,"20종목, 회전 125%, 교체 12: 007530 와이엠, 008470 부스타, 010420 한솔PNS, 010470 오리콤, 010640 진양폴리, 017000 신원종합개발, 019180 티에이치엔, 030720 동원수산, 037400 우리엔터프라이즈, 038010 제일테크노스, 039240 경남스틸, 039310 세중, 044180 KD, 046310 백금T&A, 054040 한국컴퓨터, 063760 이엘피, 090150 아이윈, 208350 지란지교시큐리티, 208710 포톤, 225590 패션플랫폼"
2020-10-30,DAA,alloc,EWJ(241180) 17%; HYG(136340) 17%; IWM(143850) 17%; QQQ(133690) 17%; SPY(143850) 17%; VWO(069500) 17%
2020-11-30,DAA,alloc,EWJ(241180) 17%; IWM(143850) 17%; QQQ(133690) 17%; SPY(143850) 17%; VGK(195930) 17%; VWO(069500) 17%
2020-12-30,DAA,alloc,EWJ(241180) 17%; IWM(143850) 17%; QQQ(133690) 17%; SPY(143850) 17%; VGK(195930) 17%; VWO(069500) 17%
2021-01-15,S,rebalance,"20종목, 회전 97%, 교체 8: 008470 부스타, 010640 진양폴리, 012620 원일특강, 015020 이스타코, 017000 신원종합개발, 018500 동원모빌리티, 030720 동원수산, 039240 경남스틸, 039310 세중, 044180 KD, 046310 백금T&A, 053050 지에스이, 054040 한국컴퓨터, 072950 빛샘전자, 098660 에스티오, 208350 지란지교시큐리티, 208710 포톤, 221980 케이디켐, 225590 패션플랫폼, 237750 피앤씨테크"
2021-01-29,DAA,alloc,EWJ(241180) 8%; GSG(132030) 8%; IWM(143850) 8%; QQQ(133690) 8%; SHY(153130) 50%; VGK(195930) 8%; VWO(069500) 8%
2021-02-26,DAA,alloc,EWJ(241180) 8%; GSG(132030) 8%; IWM(143850) 8%; SHY(153130) 50%; VGK(195930) 8%; VNQ(182480) 8%; VWO(069500) 8%
2021-03-31,DAA,alloc,EWJ(241180) 8%; GSG(132030) 8%; IWM(143850) 8%; SHY(153130) 50%; SPY(143850) 8%; VGK(195930) 8%; VNQ(182480) 8%
2021-04-15,S,rebalance,"20종목, 회전 173%, 교체 17: 003680 한성기업, 005820 원림, 006880 신송홀딩스, 008470 부스타, 008830 대동기어, 010420 한솔PNS, 018500 동원모빌리티, 020400 대동금속, 045300 성우테크론, 050860 아세아텍, 051390 YW, 053050 지에스이, 060380 동양에스텍, 063760 이엘피, 067770 세진티에스, 090150 아이윈, 173130 오파스넷, 184230 SGA솔루션즈, 189690 포시에스, 189860 서전기전"
2021-04-30,DAA,alloc,GSG(132030) 8%; IWM(143850) 8%; QQQ(133690) 8%; SHY(153130) 50%; SPY(143850) 8%; VGK(195930) 8%; VNQ(182480) 8%
2021-05-31,DAA,alloc,GLD(132030) 17%; GSG(132030) 17%; IWM(143850) 17%; SPY(143850) 17%; VGK(195930) 17%; VNQ(182480) 17%
2021-06-30,DAA,alloc,GSG(132030) 17%; IWM(143850) 17%; QQQ(133690) 17%; SPY(143850) 17%; VNQ(182480) 17%; VWO(069500) 17%
2021-07-15,S,rebalance,"20종목, 회전 105%, 교체 9: 003680 한성기업, 003780 진양산업, 008370 원풍, 008470 부스타, 010420 한솔PNS, 010640 진양폴리, 018500 동원모빌리티, 032750 삼진, 051390 YW, 053050 지에스이, 063760 이엘피, 067770 세진티에스, 069140 누리플랜, 090150 아이윈, 100030 인지소프트, 123750 알톤, 173130 오파스넷, 184230 SGA솔루션즈, 221980 케이디켐, 225590 패션플랫폼"
2021-07-30,DAA,alloc,GSG(132030) 8%; LQD(136340) 50%; QQQ(133690) 8%; SPY(143850) 8%; TLT(148070) 8%; VGK(195930) 8%; VNQ(182480) 8%
2021-08-31,DAA,alloc,GSG(132030) 8%; IWM(143850) 8%; LQD(136340) 50%; QQQ(133690) 8%; SPY(143850) 8%; VGK(195930) 8%; VNQ(182480) 8%
2021-09-30,DAA,alloc,LQD(136340) 100%
2021-10-15,S,rebalance,"20종목, 회전 115%, 교체 10: 003680 한성기업, 005820 원림, 006880 신송홀딩스, 008470 부스타, 010420 한솔PNS, 018500 동원모빌리티, 032750 삼진, 038950 파인디지털, 041920 메디아나, 045300 성우테크론, 050760 에스폴리텍, 051390 YW, 063760 이엘피, 067770 세진티에스, 094970 제이엠티, 100030 인지소프트, 114630 폴라리스우노, 173130 오파스넷, 189690 포시에스, 252500 세화피앤씨"
2021-10-29,DAA,alloc,GSG(132030) 8%; IWM(143850) 8%; QQQ(133690) 8%; SHY(153130) 50%; SPY(143850) 8%; VGK(195930) 8%; VNQ(182480) 8%
2021-11-30,DAA,alloc,IEF(148070) 100%
2021-12-30,DAA,alloc,LQD(136340) 100%
2022-01-17,S,rebalance,"20종목, 회전 96%, 교체 9: 002290 삼일기업공사, 003680 한성기업, 005820 원림, 008370 원풍, 008470 부스타, 010420 한솔PNS, 013000 세우글로벌, 031510 오스템, 032750 삼진, 050760 에스폴리텍, 050860 아세아텍, 051390 YW, 067010 이씨에스, 067770 세진티에스, 069140 누리플랜, 093380 풍강, 100030 인지소프트, 114630 폴라리스우노, 173130 오파스넷, 184230 SGA솔루션즈"
2022-01-25,LETF,out,133690 종가 74841
2022-01-28,DAA,alloc,SHY(153130) 100%
2022-02-03,LETF,in,133690 종가 77861
2022-02-11,LETF,out,133690 종가 76182
2022-02-28,DAA,alloc,SHY(153130) 100%
2022-03-23,LETF,in,133690 종가 77699
2022-03-24,LETF,out,133690 종가 77318
2022-03-25,LETF,in,133690 종가 78703
2022-03-31,DAA,alloc,SHY(153130) 100%
2022-04-07,LETF,out,133690 종가 77271
2022-04-08,LETF,in,133690 종가 78040
2022-04-11,LETF,out,133690 종가 76801
2022-04-15,S,rebalance,"20종목, 회전 155%, 교체 15: 001770 SHD, 009140 케이아이이, 010420 한솔PNS, 012620 원일특강, 025560 미래산업, 039740 한국정보공학, 044780 에이치케이, 045300 성우테크론, 050760 에스폴리텍, 054930 유신, 067770 세진티에스, 072130 유엔젤, 072950 빛샘전자, 079650 서산, 088790 진도, 093380 풍강, 114630 폴라리스우노, 138070 신진에스엠, 225590 패션플랫폼, 290270 휴네시온"
2022-04-29,DAA,alloc,SHY(153130) 100%
2022-05-31,DAA,alloc,SHY(153130) 100%
2022-06-30,DAA,alloc,SHY(153130) 100%
2022-07-15,S,rebalance,"20종목, 회전 114%, 교체 10: 001770 SHD, 010420 한솔PNS, 012620 원일특강, 021650 한국큐빅, 025560 미래산업, 030720 동원수산, 037760 쎄니트, 039740 한국정보공학, 044780 에이치케이, 045300 성우테크론, 046310 백금T&A, 046970 우리로, 048470 대동스틸, 060380 동양에스텍, 072130 유엔젤, 079950 인베니아, 093380 풍강, 177830 파버나인, 212560 네오오토, 225590 패션플랫폼"
2022-07-29,DAA,alloc,GSG(132030) 8%; HYG(136340) 8%; IEF(148070) 50%; IWM(143850) 8%; QQQ(133690) 8%; SPY(143850) 8%; VNQ(182480) 8%
2022-08-04,LETF,in,133690 종가 75677
2022-08-09,LETF,out,133690 종가 75120
2022-08-11,LETF,in,133690 종가 76431
2022-08-29,LETF,out,133690 종가 73557
2022-08-31,DAA,alloc,SHY(153130) 100%
2022-09-13,LETF,in,133690 종가 76641
2022-09-14,LETF,out,133690 종가 73589
2022-09-30,DAA,alloc,SHY(153130) 100%
2022-10-17,S,rebalance,"20종목, 회전 88%, 교체 8: 002690 동일제강, 012620 원일특강, 021040 대호특수강, 025560 미래산업, 030720 동원수산, 031310 아이즈비전, 044780 에이치케이, 045300 성우테크론, 046310 백금T&A, 048470 대동스틸, 050760 에스폴리텍, 060380 동양에스텍, 067770 세진티에스, 072130 유엔젤, 072950 빛샘전자, 079950 인베니아, 093380 풍강, 106240 파인테크닉스, 225590 패션플랫폼, 290270 휴네시온"
2022-10-31,DAA,alloc,SHY(153130) 100%
2022-11-30,DAA,alloc,EWJ(241180) 8%; GLD(132030) 8%; HYG(136340) 8%; LQD(136340) 58%; VGK(195930) 8%; VWO(069500) 8%
2022-12-29,DAA,alloc,SHY(153130) 100%
2023-01-16,S,rebalance,"20종목, 회전 96%, 교체 9: 001770 SHD, 006200 한국전자홀딩스, 012620 원일특강, 019770 서연탑메탈, 025880 케이씨피드, 030720 동원수산, 037400 우리엔터프라이즈, 039740 한국정보공학, 044780 에이치케이, 045300 성우테크론, 046970 우리로, 048470 대동스틸, 050760 에스폴리텍, 067010 이씨에스, 067770 세진티에스, 072130 유엔젤, 098120 마이크로컨텍솔, 106240 파인테크닉스, 225590 패션플랫폼, 290270 휴네시온"
2023-01-31,DAA,alloc,EWJ(241180) 17%; GLD(132030) 17%; QQQ(133690) 17%; VGK(195930) 17%; VNQ(182480) 17%; VWO(069500) 17%
2023-02-08,LETF,in,133690 종가 70308
2023-02-10,LETF,out,133690 종가 68424
2023-02-14,LETF,in,133690 종가 69362
2023-02-28,DAA,alloc,SHY(153130) 100%
2023-03-02,LETF,out,133690 종가 68439
2023-03-03,LETF,in,133690 종가 68525
2023-03-14,LETF,out,133690 종가 68540
2023-03-15,LETF,in,133690 종가 69819
2023-03-31,DAA,alloc,EWJ(241180) 17%; GLD(132030) 17%; LQD(136340) 17%; QQQ(133690) 17%; SPY(143850) 17%; VGK(195930) 17%
2023-04-03,S,rotate→KODEX200,
2023-04-17,S,rebalance,"20종목, 회전 137%, 교체 13: 001770 SHD, 012620 원일특강, 021650 한국큐빅, 030720 동원수산, 032580 피델릭스, 037400 우리엔터프라이즈, 044780 에이치케이, 045300 성우테크론, 046310 백금T&A, 053060 세동, 054940 엑사이엔씨, 060380 동양에스텍, 069330 유아이디, 088790 진도, 093380 풍강, 115570 스타플렉스, 138070 신진에스엠, 192390 윈하이텍, 225590 패션플랫폼, 310870 디와이씨"
2023-04-28,DAA,alloc,EWJ(241180) 8%; GLD(132030) 8%; LQD(136340) 58%; QQQ(133690) 8%; SPY(143850) 8%; VGK(195930) 8%
2023-05-31,DAA,alloc,SHY(153130) 100%
2023-06-30,DAA,alloc,EWJ(241180) 8%; IWM(143850) 8%; LQD(136340) 50%; QQQ(133690) 8%; SPY(143850) 8%; VGK(195930) 8%; VNQ(182480) 8%
2023-07-03,S,rotate→S,
2023-07-17,S,rebalance,"20종목, 회전 79%, 교체 7: 001770 SHD, 025880 케이씨피드, 030720 동원수산, 037400 우리엔터프라이즈, 044780 에이치케이, 053060 세동, 054940 엑사이엔씨, 067010 이씨에스, 069330 유아이디, 088790 진도, 093240 형지엘리트, 114630 폴라리스우노, 115570 스타플렉스, 138070 신진에스엠, 184230 SGA솔루션즈, 187270 신화콘텍, 189690 포시에스, 192390 윈하이텍, 225590 패션플랫폼, 310870 디와이씨"
2023-07-31,DAA,alloc,EWJ(241180) 8%; GSG(132030) 8%; IWM(143850) 8%; QQQ(133690) 8%; SHY(153130) 50%; SPY(143850) 8%; VWO(069500) 8%
2023-08-01,S,rotate→KODEX200,
2023-08-31,DAA,alloc,SHY(153130) 100%
2023-09-27,DAA,alloc,SHY(153130) 100%
2023-10-16,S,rebalance,"20종목, 회전 86%, 교체 8: 006200 한국전자홀딩스, 025880 케이씨피드, 030720 동원수산, 032580 피델릭스, 044780 에이치케이, 045300 성우테크론, 053060 세동, 054940 엑사이엔씨, 067010 이씨에스, 093240 형지엘리트, 093380 풍강, 115480 씨유메디칼, 138070 신진에스엠, 184230 SGA솔루션즈, 192390 윈하이텍, 225590 패션플랫폼, 263020 디케이앤디, 290120 DH오토리드, 310870 디와이씨, 377460 큐에이드"
2023-10-31,DAA,alloc,SHY(153130) 100%
2023-11-30,DAA,alloc,EWJ(241180) 17%; LQD(136340) 17%; QQQ(133690) 17%; SPY(143850) 17%; VGK(195930) 17%; VNQ(182480) 17%
2023-12-28,DAA,alloc,IWM(143850) 17%; QQQ(133690) 17%; SPY(143850) 17%; TLT(148070) 17%; VGK(195930) 17%; VNQ(182480) 17%
2024-01-15,S,rebalance,"20종목, 회전 105%, 교체 11: 006200 한국전자홀딩스, 009190 대양금속, 025880 케이씨피드, 037400 우리엔터프라이즈, 045300 성우테크론, 046310 백금T&A, 053060 세동, 069330 유아이디, 079170 한창산업, 101240 씨큐브, 103230 에스앤더블류, 114630 폴라리스우노, 131220 대한과학, 131760 파인텍, 138070 신진에스엠, 177830 파버나인, 184230 SGA솔루션즈, 192390 윈하이텍, 263020 디케이앤디, 310870 디와이씨"
2024-01-31,DAA,alloc,EWJ(241180) 8%; HYG(136340) 8%; IWM(143850) 8%; LQD(136340) 50%; QQQ(133690) 8%; SPY(143850) 8%; VGK(195930) 8%
2024-02-29,DAA,alloc,EWJ(241180) 17%; IWM(143850) 17%; QQQ(133690) 17%; SPY(143850) 17%; VGK(195930) 17%; VWO(069500) 17%
2024-03-29,DAA,alloc,EWJ(241180) 17%; GLD(132030) 17%; IWM(143850) 17%; QQQ(133690) 17%; SPY(143850) 17%; VGK(195930) 17%
2024-04-15,S,rebalance,"20종목, 회전 111%, 교체 11: 002290 삼일기업공사, 006920 모헨즈, 019770 서연탑메탈, 025880 케이씨피드, 031510 오스템, 035460 기산텔레콤, 037400 우리엔터프라이즈, 046310 백금T&A, 051390 YW, 053060 세동, 067010 이씨에스, 072950 빛샘전자, 086060 진바이오텍, 099410 동방선기, 103230 에스앤더블류, 131220 대한과학, 192390 윈하이텍, 263020 디케이앤디, 290270 휴네시온, 310870 디와이씨"
2024-04-30,DAA,alloc,GLD(132030) 8%; GSG(132030) 8%; QQQ(133690) 8%; SHY(153130) 50%; SPY(143850) 8%; VGK(195930) 8%; VWO(069500) 8%
2024-05-31,DAA,alloc,GLD(132030) 17%; IWM(143850) 17%; QQQ(133690) 17%; SPY(143850) 17%; VGK(195930) 17%; VWO(069500) 17%
2024-06-28,DAA,alloc,GLD(132030) 17%; QQQ(133690) 17%; SPY(143850) 17%; TLT(148070) 17%; VNQ(182480) 17%; VWO(069500) 17%
2024-07-15,S,rebalance,"20종목, 회전 98%, 교체 10: 010280 아이티센엔텍, 019770 서연탑메탈, 035460 기산텔레콤, 037400 우리엔터프라이즈, 046310 백금T&A, 053060 세동, 060380 동양에스텍, 072950 빛샘전자, 078590 휴림에이텍, 099410 동방선기, 103230 에스앤더블류, 114630 폴라리스우노, 138070 신진에스엠, 153490 우리이앤엘하루틴, 192390 윈하이텍, 263020 디케이앤디, 267790 배럴, 297570 아틀라스링크, 335870 윙스풋, 450520 인스웨이브"
2024-07-31,DAA,alloc,GLD(132030) 17%; IWM(143850) 17%; LQD(136340) 17%; SPY(143850) 17%; TLT(148070) 17%; VNQ(182480) 17%
2024-08-30,DAA,alloc,EWJ(241180) 17%; GLD(132030) 17%; SPY(143850) 17%; TLT(148070) 17%; VGK(195930) 17%; VNQ(182480) 17%
2024-09-30,DAA,alloc,GLD(132030) 17%; QQQ(133690) 17%; SPY(143850) 17%; VGK(195930) 17%; VNQ(182480) 17%; VWO(069500) 17%
2024-10-15,S,rebalance,"20종목, 회전 124%, 교체 13: 003680 한성기업, 006920 모헨즈, 035200 프럼파스트, 035460 기산텔레콤, 051390 YW, 052460 아이크래프트, 060540 에스에이티, 078590 휴림에이텍, 086060 진바이오텍, 098120 마이크로컨텍솔, 099410 동방선기, 138070 신진에스엠, 153490 우리이앤엘하루틴, 192390 윈하이텍, 215480 토박스코리아, 252500 세화피앤씨, 262840 아이퀘스트, 290270 휴네시온, 297570 아틀라스링크, 362990 드림인사이트"
2024-10-31,DAA,alloc,GLD(132030) 8%; IWM(143850) 8%; QQQ(133690) 8%; SHY(153130) 50%; SPY(143850) 8%; VNQ(182480) 8%; VWO(069500) 8%
2024-11-29,DAA,alloc,HYG(136340) 8%; IWM(143850) 8%; LQD(136340) 58%; QQQ(133690) 8%; SPY(143850) 8%; VNQ(182480) 8%
2024-12-30,DAA,alloc,EWJ(241180) 8%; GLD(132030) 8%; GSG(132030) 8%; QQQ(133690) 8%; SHY(153130) 50%; SPY(143850) 8%; VWO(069500) 8%
2025-01-15,S,rebalance,"20종목, 회전 134%, 교체 14: 003680 한성기업, 013000 세우글로벌, 017250 인터엠, 020180 대신정보통신, 025890 한국주강, 051390 YW, 052460 아이크래프트, 065060 지엔코, 065440 이루온, 078590 휴림에이텍, 084870 TBH글로벌, 086060 진바이오텍, 101240 씨큐브, 131090 시큐브, 196700 웹스, 263020 디케이앤디, 290270 휴네시온, 310870 디와이씨, 318000 KBG, 335870 윙스풋"
2025-01-31,DAA,alloc,GLD(132030) 17%; GSG(132030) 17%; IWM(143850) 17%; QQQ(133690) 17%; SPY(143850) 17%; VGK(195930) 17%
2025-02-28,DAA,alloc,EWJ(241180) 17%; GLD(132030) 17%; TLT(148070) 17%; VGK(195930) 17%; VNQ(182480) 17%; VWO(069500) 17%
2025-03-14,LETF,out,133690 종가 124202
2025-03-17,LETF,in,133690 종가 124841
2025-03-31,DAA,alloc,EWJ(241180) 17%; GLD(132030) 17%; GSG(132030) 17%; HYG(136340) 17%; VGK(195930) 17%; VWO(069500) 17%
2025-03-31,LETF,out,133690 종가 123603
2025-04-02,LETF,in,133690 종가 125499
2025-04-03,LETF,out,133690 종가 122445
2025-04-15,S,rebalance,"20종목, 회전 122%, 교체 13: 002290 삼일기업공사, 003680 한성기업, 017000 신원종합개발, 019770 서연탑메탈, 032750 삼진, 035460 기산텔레콤, 046310 백금T&A, 050860 아세아텍, 065440 이루온, 072950 빛샘전자, 078590 휴림에이텍, 086060 진바이오텍, 091340 S&K폴리텍, 101240 씨큐브, 130500 GH신소재, 187270 신화콘텍, 192390 윈하이텍, 263020 디케이앤디, 290270 휴네시온, 376180 피코그램"
2025-04-30,DAA,alloc,EWJ(241180) 17%; GLD(132030) 17%; HYG(136340) 17%; LQD(136340) 17%; TLT(148070) 17%; VGK(195930) 17%
2025-05-12,LETF,in,133690 종가 126615
2025-05-30,DAA,alloc,EWJ(241180) 17%; GLD(132030) 17%; QQQ(133690) 17%; SPY(143850) 17%; VGK(195930) 17%; VWO(069500) 17%
2025-06-30,DAA,alloc,EWJ(241180) 17%; GLD(132030) 17%; QQQ(133690) 17%; SPY(143850) 17%; VGK(195930) 17%; VWO(069500) 17%
2025-07-15,S,rebalance,"20종목, 회전 93%, 교체 9: 003680 한성기업, 013000 세우글로벌, 017000 신원종합개발, 020180 대신정보통신, 033250 체시스, 035460 기산텔레콤, 065440 이루온, 072950 빛샘전자, 078590 휴림에이텍, 079170 한창산업, 091340 S&K폴리텍, 103230 에스앤더블류, 128540 에코캡, 130500 GH신소재, 131220 대한과학, 192390 윈하이텍, 263020 디케이앤디, 290120 DH오토리드, 290270 휴네시온, 356890 싸이버원"
2025-07-31,DAA,alloc,GSG(132030) 17%; IWM(143850) 17%; QQQ(133690) 17%; SPY(143850) 17%; VGK(195930) 17%; VWO(069500) 17%
2025-08-29,DAA,alloc,EWJ(241180) 17%; GLD(132030) 17%; IWM(143850) 17%; QQQ(133690) 17%; SPY(143850) 17%; VWO(069500) 17%
2025-09-30,DAA,alloc,EWJ(241180) 17%; GLD(132030) 17%; IWM(143850) 17%; QQQ(133690) 17%; SPY(143850) 17%; VWO(069500) 17%
2025-10-15,S,rebalance,"20종목, 회전 106%, 교체 11: 002290 삼일기업공사, 003680 한성기업, 025880 케이씨피드, 030720 동원수산, 033250 체시스, 050860 아세아텍, 054940 엑사이엔씨, 065440 이루온, 072950 빛샘전자, 078590 휴림에이텍, 080470 성창오토텍, 103230 에스앤더블류, 113810 디젠스, 130500 GH신소재, 177830 파버나인, 187270 신화콘텍, 192390 윈하이텍, 198080 캐프, 204020 그리티, 263020 디케이앤디"
2025-10-31,DAA,alloc,EWJ(241180) 17%; GLD(132030) 17%; IWM(143850) 17%; QQQ(133690) 17%; SPY(143850) 17%; VWO(069500) 17%
2025-11-28,DAA,alloc,EWJ(241180) 17%; GLD(132030) 17%; IWM(143850) 17%; QQQ(133690) 17%; SPY(143850) 17%; VGK(195930) 17%
2025-12-30,DAA,alloc,EWJ(241180) 17%; GLD(132030) 17%; IWM(143850) 17%; QQQ(133690) 17%; SPY(143850) 17%; VGK(195930) 17%
2026-01-15,S,rebalance,"20종목, 회전 90%, 교체 9: 002290 삼일기업공사, 003680 한성기업, 010640 진양폴리, 011090 에넥스, 017000 신원종합개발, 020180 대신정보통신, 030720 동원수산, 033250 체시스, 065440 이루온, 079170 한창산업, 086060 진바이오텍, 099390 브레인즈컴퍼니, 113810 디젠스, 130500 GH신소재, 146060 율촌, 177830 파버나인, 187270 신화콘텍, 204020 그리티, 263020 디케이앤디, 290270 휴네시온"
2026-01-30,DAA,alloc,EWJ(241180) 17%; GLD(132030) 17%; GSG(132030) 17%; IWM(143850) 17%; VGK(195930) 17%; VWO(069500) 17%
2026-02-27,DAA,alloc,EWJ(241180) 17%; GLD(132030) 17%; GSG(132030) 17%; VGK(195930) 17%; VNQ(182480) 17%; VWO(069500) 17%
2026-03-31,DAA,alloc,SHY(153130) 100%
2026-04-15,S,rebalance,"20종목, 회전 139%, 교체 15: 008500 일정실업, 010400 우진아이엔에스, 013000 세우글로벌, 017000 신원종합개발, 024120 KB오토시스, 032750 삼진, 045060 오공, 059100 아이컴포넌트, 079170 한창산업, 090150 아이윈, 091340 S&K폴리텍, 099390 브레인즈컴퍼니, 101240 씨큐브, 131090 시큐브, 196700 웹스, 263020 디케이앤디, 290120 DH오토리드, 290270 휴네시온, 310870 디와이씨, 318410 비비씨"
2026-04-30,DAA,alloc,GSG(132030) 17%; IWM(143850) 17%; QQQ(133690) 17%; SPY(143850) 17%; VNQ(182480) 17%; VWO(069500) 17%
2026-05-29,DAA,alloc,EWJ(241180) 8%; GSG(132030) 8%; IWM(143850) 8%; LQD(136340) 50%; QQQ(133690) 8%; SPY(143850) 8%; VWO(069500) 8%
2026-06-30,DAA,alloc,EWJ(241180) 17%; IWM(143850) 17%; QQQ(133690) 17%; SPY(143850) 17%; VNQ(182480) 17%; VWO(069500) 17%
2026-07-15,S,rebalance,"20종목, 회전 144%, 교체 16: 001770 SHD, 010400 우진아이엔에스, 017000 신원종합개발, 031510 오스템, 033250 체시스, 051380 피씨디렉트, 053060 세동, 060260 뉴보텍, 096630 에스코넥, 114630 폴라리스우노, 119500 포메탈, 146060 율촌, 196700 웹스, 215090 솔디펜스, 258790 소프트캠프, 290560 파라택시스이더리움, 310870 디와이씨, 415380 스튜디오삼익, 424760 벨로크, 459550 알트"
2026-07-31,DAA,alloc,SHY(153130) 100%
2026-08-31,DAA,alloc,EWJ(241180) 17%; GLD(132030) 17%; GSG(132030) 17%; QQQ(133690) 17%; SPY(143850) 17%; VWO(069500) 17%
2026-09-03,LETF,out,133690 종가 175270
2026-09-04,LETF,in,133690 종가 176990
2026-09-09,LETF,out,133690 종가 174985
2026-09-17,LETF,in,133690 종가 178260
2026-09-23,DAA,alloc,EWJ(241180) 8%; GSG(132030) 8%; QQQ(133690) 8%; SHY(153130) 50%; SPY(143850) 8%; VGK(195930) 8%; VWO(069500) 8%
