,2020 코로나(2/3~3/31),2022 약세장,2024-08 급락(8/1~8/5),2024-08 전체,최근 12개월
A 최고 S40+DAA30+QQQx3추세30,-0.2533,-0.2188,-0.127,-0.0228,0.6055
B 추천 S40+DAA30+나스닥추세30,-0.1666,-0.1457,-0.0851,-0.0168,0.5388
C B+변동성목표20,-0.1731,-0.1457,-0.0851,-0.0168,0.4188
D 기존최선 S40+DAA30+PP30,-0.1367,-0.0961,-0.0604,-0.0094,0.5069
E S30+DAA30+PP20+나스닥추세20,-0.1349,-0.1222,-0.0651,-0.0081,0.4082
G 나스닥추세 단독(세후),-0.1492,-0.2412,-0.0921,-0.0103,0.1449
H D+CPPI,-0.1109,-0.0752,-0.0426,-0.0077,0.3527
KOSPI200 보유(069500),-0.1657,-0.2415,-0.1276,-0.0479,1.3643
"나스닥100 보유(133690, 세전)",-0.1215,-0.3049,-0.0921,-0.0103,0.2149
