scenario,final_krw,cagr,mdd,mdd_peak,mdd_trough,mdd_recovery,worst_month,worst_month_date,pos_months,n_months,costs_krw,taxes_krw,trades_per_year,avg_exposure
A 최고 S40+DAA30+QQQx3추세30,598111935,0.3047,-0.3688,2020-02-19,2020-03-23,2020-07-10,-0.189,2026-07-31,0.617,81,35382812,35413968,104.1,1.0
B 추천 S40+DAA30+나스닥추세30,387161879,0.223,-0.2551,2026-06-22,2026-07-30,미회복,-0.1459,2026-07-31,0.605,81,26117597,11730318,105.6,1.0
C B+변동성목표20,335456816,0.1972,-0.2461,2020-02-20,2020-03-23,2020-08-04,-0.1148,2020-03-31,0.605,81,29563766,10864851,105.6,0.953
D 기존최선 S40+DAA30+PP30,331025579,0.1948,-0.2329,2020-01-22,2020-03-23,2020-07-06,-0.1342,2026-03-31,0.617,81,23190014,0,112.6,1.0
E S30+DAA30+PP20+나스닥추세20,312885269,0.1849,-0.217,2020-02-20,2020-03-23,2020-07-06,-0.1121,2026-07-31,0.605,81,19297808,6983482,117.6,1.0
G 나스닥추세 단독(세후),262992957,0.1547,-0.3057,2021-11-22,2023-03-15,2024-02-16,-0.1253,2022-01-31,0.63,81,2904760,37079434,5.1,1.0
H D+CPPI,220988297,0.1252,-0.1474,2020-01-22,2020-03-23,2020-08-26,-0.0916,2026-03-31,0.568,81,23239537,0,112.6,0.672
KOSPI200 보유(069500),440221213,0.2466,-0.4081,2026-06-22,2026-07-30,미회복,-0.2132,2026-07-31,0.568,81,50000,0,0.0,1.0
"나스닥100 보유(133690, 세전)",417760648,0.2369,-0.3103,2022-01-04,2022-12-29,2023-06-29,-0.1282,2022-01-31,0.63,81,50000,0,0.0,1.0
