,2020,2021,2022,2023,2024,2025,2026
A 최고 S40+DAA30+QQQx3추세30,0.4857,0.5647,-0.2188,0.3778,0.1759,0.4678,0.3851
B 추천 S40+DAA30+나스닥추세30,0.2947,0.4073,-0.1457,0.1494,0.1104,0.4503,0.3439
C B+변동성목표20,0.2201,0.4073,-0.1457,0.1494,0.1073,0.4497,0.2395
D 기존최선 S40+DAA30+PP30,0.2483,0.3046,-0.0961,0.1031,0.0407,0.4819,0.3217
E S30+DAA30+PP20+나스닥추세20,0.2461,0.2991,-0.1222,0.137,0.1099,0.3886,0.2565
G 나스닥추세 단독(세후),0.2397,0.3401,-0.2412,0.2726,0.3827,0.088,0.0896
H D+CPPI,0.0994,0.2157,-0.0752,0.06,0.024,0.3417,0.2278
KOSPI200 보유(069500),0.3695,0.0299,-0.2415,0.2486,-0.0936,0.9422,0.872
"나스닥100 보유(133690, 세전)",0.3778,0.402,-0.3049,0.6143,0.4524,0.1646,0.1394
